<meta>
  <info author="lil_Toady" type="misc" version="1.5.9" />
  <min_mta_version client="1.5.9-9.20957.0" server="1.5.9-9.20957.0"/>
  <!--
    Admin System Meta File.

    WARNING: We give no support for edited
             versions of the admin system.
  -->
  <!--Main script files, keep them in that order or it may break-->
  <script src="admin_definitions.lua" type="shared" cache="false" />
  <script src="server/admin_serverjoiner.lua" />
  <script src="server/admin_serverprefs.lua" />
  <script src="server/admin_server.lua" />
  <script src="server/admin_sync.lua" />
  <script src="server/admin_commands.lua" />
  <script src="server/admin_servermaps.lua" />
  <script src="server/admin_ACL.lua" />
  <script src="server/admin_settings.lua" />
  <script src="server/admin_screenshot.lua" />
  <script src="server/http/admin_http.lua" />
  <script src="client/admin_clientprefs.lua" type="client" cache="false" />
  <script src="client/admin_client.lua" type="client" cache="false" />
  <script src="client/admin_gui.lua" type="client" cache="false" />
  <script src="client/admin_ACL.lua" type="client" cache="false" />
  <script src="client/gui/admin_main.lua" type="client" cache="false" />
  <script src="client/gui/admin_performance.lua" type="client" cache="false" />
  <script src="client/gui/admin_permissions.lua" type="client" cache="false" />
  <script src="client/gui/admin_maps.lua" type="client" cache="false" />
  <script src="client/gui/admin_messages.lua" type="client" cache="false" />
  <script src="client/gui/admin_message.lua" type="client" cache="false" />
  <script src="client/gui/admin_moddetails.lua" type="client" cache="false" />
  <script src="client/gui/admin_spectator.lua" type="client" cache="false" />
  <script src="client/gui/admin_messagebox.lua" type="client" cache="false" />
  <script src="client/gui/admin_inputbox.lua" type="client" cache="false" />
  <script src="client/gui/admin_team.lua" type="client" cache="false" />
  <script src="client/gui/admin_skin.lua" type="client" cache="false" />
  <script src="client/gui/admin_stats.lua" type="client" cache="false" />
  <script src="client/gui/admin_vehicle.lua" type="client" cache="false" />
  <script src="client/gui/admin_interior.lua" type="client" cache="false" />
  <script src="client/gui/admin_ban.lua" type="client" cache="false" />
  <script src="client/gui/admin_warp.lua" type="client" cache="false" />
  <script src="client/gui/admin_report.lua" type="client" cache="false" />
  <script src="client/gui/admin_acl.lua" type="client" cache="false" />
  <script src="client/gui/admin_settings.lua" type="client" cache="false" />
  <script src="client/gui/admin_screenshot.lua" type="client" cache="false" />
  <script src="client/colorpicker/colorpicker.lua" type="client" cache="false" />

  <!-- Placeholder for backwards compatibility -->
  <script src="server/admin_ip2c.lua" />
  <export function="getPlayerCountry"/>

  <!--Required XML configs kept in /conf/ folder-->
  <config src="conf/interiors.xml" type="client" />
  <config src="conf/weathers.xml" type="client" />
  <config src="conf/upgrades.xml" type="client" />
  <config src="conf/skins.xml" type="client" />
  <config src="conf/stats.xml" type="client" />
  <config src="conf/messages.xml" />
  <config src="conf/commands.xml" />
  <config src="conf/web.xml" />
  <config src="conf/ACL.xml" />

  <!--Images-->
  <file src="client/images/map.png" />
  <file src="client/images/warning.png" />
  <file src="client/images/error.png" />
  <file src="client/images/question.png" />
  <file src="client/images/info.png" />
  <file src="client/images/dot.png" />
  <file src="client/images/search.png" />
  <file src="client/images/dropdown.png" />
  <file src="client/images/colorscheme.png" />
  <file src="client/images/empty.png" />
  <file src="client/colorpicker/sv.png" />
  <file src="client/colorpicker/cursor.png" />
  <file src="client/colorpicker/blank.png" />
  <file src="client/colorpicker/h.png" />

  <!--HTTP Server Stuff-->
  <!--Not finished yet
  <export function="httpLoad" http="true" />
  <export function="httpGetPlayerList" http="true" />
  <export function="httpGetMenuItems" http="true" />

  <html src="admin.htm" default="true"/>
  <html src="server/http/main.htm" default="true"/>
  <html src="server/http/players.htm" default="true"/>
  <html src="server/http/accounts.htm" default="true"/>
  <html src="server/http/server.htm" default="true"/>
  <html src="server/http/visits.htm" default="true"/>
  <html src="server/http/bans.htm" default="true"/>
  <html src="server/http/admin.css" raw="true"/>
  <html src="server/http/admin.js" raw="true"/>

  <html src="server/http/images/header.png" raw="true"/>
  <html src="server/http/images/manual.png" raw="true"/>
  <html src="server/http/images/back.png" raw="true"/>
  <html src="server/http/images/home.png" raw="true"/>
  <html src="server/http/images/players.png" raw="true"/>
  <html src="server/http/images/server.png" raw="true"/>
  <html src="server/http/images/accounts.png" raw="true"/>
  <html src="server/http/images/access.png" raw="true"/>
  <html src="server/http/images/visits.png" raw="true"/>
  <html src="server/http/images/password.png" raw="true"/>
  <html src="server/http/images/bans.png" raw="true"/>
  -->

 <settings>
		<!-- *****************************************************
			 All these settings are adjustable in the Admin Panel:
				1. start admin
				2. press 'p'
				3. select Resources tab
				4. double click on the resource name
			 ***************************************************** -->

		<setting name="*maxmsgs" value="99"
					friendlyname="Max messages"
					accept="1-1000"
					desc="Maximum admin messages to keep."
					/>

		<setting name="*bandurations" value="60,3600,43200,0"
					friendlyname="Ban durations"
					group="Durations"
					examples="60,360,0"
					desc="Duration options for the ban window. Comma seperated list in seconds. 0 means no duration limit."
					/>

		<setting name="*mutedurations" value="60,120,300,600,0"
					friendlyname="Mute durations"
					group="Durations"
					examples="60,360,0"
					desc="Duration options for the mute window. Comma seperated list in seconds. 0 means no duration limit."
					/>

		<setting name="*securitylevel" value="1"
					friendlyname="Security level"
					group="_Advanced"
					accept="0-2"
					desc="Detect fake admin packets. 0-No checks  1-Some checks  2-All checks."
					/>

		<setting name="*clientcheckban" value="false"
					friendlyname="clientcheckban"
					group="_Advanced"
					accept="true,false"
					desc="Ban IP's that attempt to send fake admin packets."
					/>
      
      <setting name="*useip2c" value="true"
					friendlyname="useip2c"
					group="_Advanced"
					accept="true,false"
					desc="When enabled, admin will use the ip2c resource to determine players' countries by their IP."
					/>

		<setting name="*maxchatmsgs" value="10"
					friendlyname="Max chat log messages"
					accept="1-1000"
					desc="Maximum chat log messages per player to store. Decreasing this value may save some of server RAM."
					/>

		<setting name="*reportCategories" value="Question,Suggestion,Other"
					friendlyname="Report categories"
					desc="List of non player report categories."
					/>

		<setting name="*playerReportCategories" value="Cheater/Modder,Spammer"
					friendlyname="Player report categories"
					desc="List of report categories for reporting players."
					/>
	     	<setting name="*adminChatCommandName" value="a"
          				friendlyname="Admin chat command name"
          				desc="The command name for admin chat."
          				/>

 </settings>

</meta>
